--clean database


--initialize database


--Run queries


    INSERT INTO BIB_BASIC
    (Bib_IU_Barcode, Bib_Collect, Bib_Media_Type, Bib_Series_Name, Bib_Series_Part, Bib_Series_Prod_No, Bib_Title, Bib_Alt_Title, Bib_Version, Bib_Reel_No, Bib_Summary, Bib_Creator, Bib_Producer, Bib_Genre, Bib_Subject, Bib_Date, Bib_Location, Bib_Title_Note, Bib_Orig_Med, Bib_Orig_Gauge, Bib_Generation, Bib_Color, Bib_Sound, Bib_Frame_Rate, Bib_Aspect_Ratio, Bib_Dur, Bib_Dial_Lang)
VALUES
    ('30000157726880', 'Myrtle McGraw Collection', 'Moving Image', 'Climbing', '1', Null, 'Descent from Pedestals', Null, Null, Null, '983-1284 days', '[unknown]', '[unknown]', 'Education', 'Sports', '[unknown]', '[unknown]', '3708 - J. Briggs', 'Film','16mm', 'Projection Print', 'Black and White', 'Silent', 24, '1.37:1', '03:00', 'None'),
    ('30000157726898', 'Myrtle McGraw Collection', 'Moving Image', 'Climbing', '2', Null, 'Descent from Pedestals', Null, Null, Null, '1230-940 days', '[unknown]', '[unknown]', 'Education', 'Sports', '[unknown]', '[unknown]', '1-8 - 3708. J. Briggs', 'Film','16mm', 'Projection Print', 'Black and White', 'Silent', 24, '1.37:1', '04:00', 'None'),
    ('30000157791884', 'Myrtle McGraw Collection', 'Moving Image', 'Climbing', '3', Null, 'Descent from Pedestals', Null, Null, Null, '[unknown]', '[unknown]', '[unknown]', 'Education', 'Sports', '[unknown]', '[unknown]', 'Note: N3 - 3505-3707 - 1-2', 'Film','16mm', 'Projection Print', 'Black and White', 'Silent', 24, '1.37:1', '04:00', 'None'),
    ('30000157791892', 'Myrtle McGraw Collection', 'Moving Image', 'Climbing', '1', Null, 'Descent from Pedestals', Null, Null, Null, '[unknown]', '[unknown]', '[unknown]', 'Education', 'Sports', '[unknown]', '[unknown]', '3605 - C. Davern-B', 'Film','16mm', 'Projection Print', 'Black and White', 'Silent', 24, '1.37:1', '04:00', 'None'),
    ('30000157791900', 'Myrtle McGraw Collection', 'Moving Image', 'Climbing', '2', Null, 'Descent from Pedestals', Null, Null, Null, '1080-1402 days', '[unknown]', '[unknown]', 'Education', 'Sports', '[unknown]', '[unknown]', '3701 - A. Nicholson- 2-8 Peds', 'Film','16mm', 'Projection Print', 'Black and White', 'Silent', 24, '1.37:1', '02:00', 'None'),
    ('30000157791918', 'Myrtle McGraw Collection', 'Moving Image', 'Climbing', '3', Null, 'Descent from Pedestals', Null, Null, Null, '322-658 days', '[unknown]', '[unknown]', 'Education', 'Sports', '[unknown]', '[unknown]', '1-4 -3604  - P. Davern-A', 'Film','16mm', 'Projection Print', 'Black and White', 'Silent', 24, '1.37:1', '03:00', 'None'),
    ('30000157726948', 'Myrtle McGraw Collection', 'Moving Image', 'Climbing', '4', Null, 'Descent from Pedestals', Null, Null, Null, '227-792 days', '[unknown]', '[unknown]', 'Education', 'Sports', '[unknown]', '[unknown]', '3802 -Ja Woods - 1-6', 'Film','16mm', 'Projection Print', 'Black and White', 'Silent', 24, '1.37:1', '04:00', 'None'),
    ('30000157791926', 'Myrtle McGraw Collection', 'Moving Image', 'Climbing', '5', Null, 'Descent from Pedestals', Null, Null, Null, '[unknown]', '[unknown]', '[unknown]', 'Education', 'Sports', '[unknown]', '[unknown]', '10 - 3313-14 - 3401 - 03-06 -09 -11-12', 'Film','16mm', 'Projection Print', 'Black and White', 'Silent', 24, '1.37:1', '04:00', 'None'),
    ('30000157791934', 'Myrtle McGraw Collection', 'Moving Image', 'Climbing', '6', Null, 'Descent from Pedestals', Null, Null, Null, '819-885 Days', '[unknown]', '[unknown]', 'Education', 'Sports', '[unknown]', '[unknown]', '3802 - Ja. Woods', 'Film','16mm', 'Projection Print', 'Black and White', 'Silent', 24, '1.37:1', '00:40', 'None'),
    ('30000157791942', 'Myrtle McGraw Collection', 'Moving Image', 'Climbing', '7', Null, 'Descent from Pedestals', Null, Null, Null, '220-706 Days', '[unknown]', '[unknown]', 'Education', 'Sports', '[unknown]', '[unknown]', '1-7 -3803 - Shelley', 'Film','16mm', 'Projection Print', 'Black and White', 'Silent', 24, '1.37:1', '06:00', 'None'),
    ('30000157726674', 'Lane County Educational Service District', 'Moving Image', Null, Null, '[unknown]', 'Wheels, Wheels, Wheels', Null, Null, Null, 'The history of the wheel.', '[unknown]', '[unknown]', 'Education', 'History', '[unknown]', '[unknown]', Null, 'Film','16mm', 'Positive', 'Color', 'Sound', 24, '1.37:1', '10:00', 'English'),
    ('30000157726682', 'Lane County Educational Service District', 'Moving Image', Null, Null, '[unknown]', 'Wheels, Wheels, Wheels', Null, Null, Null, 'The history of the wheel.', '[unknown]', '[unknown]', 'Education', 'History', '[unknown]', '[unknown]', Null, 'Film','16mm', 'Positive', 'Color', 'Sound', 24, '1.37:1', '11:00', 'English'),
   	('30000157726690', 'Lane County Educational Service District', 'Moving Image', Null, Null, '[unknown]', 'What Does Our Flag Mean?', Null, Null, Null, 'Study of the symbolic meaning behind the elements that make up the American flag.', '[unknown]', '[unknown]', 'Education', 'History', '[unknown]', '[unknown]', Null, 'Film','16mm', 'Positive', 'Color', 'Sound', 24, '1.37:1', '11:00', 'English'),
    ('30000157791777', 'Lane County Educational Service District', 'Moving Image', Null, Null, '[unknown]', 'Plankton: Pastures of the Ocean', Null, Null, Null, 'Oceanic study of plankton and how it is part of the feeding cycle of fish.', '[unknown]', '[unknown]', 'Education', 'Science', '[unknown]', '[unknown]', Null, 'Film','16mm', 'Positive', 'Color', 'Sound', 24, '1.37:1', '11:00', 'English'),
    ('30000157791785', 'Lane County Educational Service District', 'Moving Image', 'Sounds', Null, '1', 'Sounds All About Us', Null, Null, 1, 'Everything makes noise.  This film isolates each elements that makes up everyday ambience.', '[unknown]', '[unknown]', 'Education', 'Arts & Science', '1969', '[unknown]', Null, 'Film','16mm', 'Positive', 'Color', 'Sound', 24, '1.37:1', '11:00', 'English'),
    ('30000157726724', 'Lane County Educational Service District', 'Moving Image', 'Sounds', Null, '2', 'Sound for Beginners', Null, Null, 1, 'Introducing beginners to the study of foley work.', '[unknown]', '[unknown]', 'Education', 'Arts & Science', '1969', '[unknown]', Null, 'Film','16mm', 'Positive', 'Color', 'Sound', 24, '1.37:1', '11:00', 'English'),
    ('30000157791793', 'Lane County Educational Service District', 'Moving Image', Null, Null, '[unknown]', 'Space', Null, Null, Null, 'Documentary on what we currently know about Space.', '[unknown]', '[unknown]', 'Education', 'Science', '[unknown]', '[unknown]', Null, 'Film','16mm', 'Positive', 'Color', 'Sound', 24, '1.37:1', '10:00', 'English'),
    ('30000157791801', 'Lane County Educational Service District', 'Moving Image', Null, Null, '[unknown]', 'Squeeze', Null, Null, Null, '[unknown]', '[unknown]', '[unknown]', 'Education', '[unknown]', '[unknown]', '[unknown]', Null, 'Film','16mm', 'Positive', 'Color', 'Sound', 24, '1.37:1', '11:00', 'English'),
    ('30000157791819', 'Lane County Educational Service District', 'Moving Image', Null, Null, '[unknown]', 'The Spinal Column', Null, Null, Null, 'Dissection of the spinal column and the nerves system.', '[unknown]', '[unknown]', 'Education', 'History', '[unknown]', '[unknown]', Null, 'Film','16mm', 'Positive', 'Color', 'Sound', 24, '1.37:1', '10:00', 'English'),
    ('30000157791827', 'Lane County Educational Service District', 'Moving Image', Null, Null, '[unknown]', 'Spanish: Introducing the Language', Null, Null, Null, 'Discusing the root of Spanish syntax.', '[unknown]', '[unknown]', 'Education', 'Cultural Science', '[unknown]', '[unknown]', Null, 'Film','16mm', 'Positive', 'Color', 'Sound', 24, '1.37:1', '10:00', 'English'),
    ('30000157791835', 'Lane County Educational Service District', 'Moving Image', Null, Null, '[unknown]', 'Bauernvolk in Den Bergen', Null, Null, Null, '[unknown]', '[unknown]', '[unknown]', 'Documentary', 'History', '1942', '[unknown]', Null, 'Film','16mm', 'Positive', 'Color', 'Sound', 24, '1.37:1', '11:00', 'Finnish'),
    ('30000157726781', 'Lane County Educational Service District', 'Moving Image', Null, Null, '[unknown]', 'Basketball for Boys: Teamplay', Null, Null, Null, 'Teaching the importance and techniques of team play in basketball.', '[unknown]', '[unknown]', 'Education', 'Sports', '[unknown', '[unknown]', Null, 'Film','16mm', 'Positive', 'Color', 'Sound', 24, '1.37:1', '11:00', 'English'),
    ('30000157726799', 'Lane County Educational Service District', 'Moving Image', Null, Null, '[unknown]', 'My Own Yard to Play In', Null, Null, Null, 'Landscape artists show how to take advantage of the underutilized home backyard.', '[unknown]', '[unknown]', 'Education', 'Environment', '[unknown]', '[unknown]', Null, 'Film','16mm', 'Positive', 'Color', 'Sound', 24, '1.37:1', '11:00', 'English'),
    ('30000157726807', 'Lane County Educational Service District', 'Moving Image', 'Reading Music', Null, '3', 'Reading Music: Learning About Notes', Null, Null, 1, 'Lessons in note reading for all instruments.', 'Milton O. Pella', '[unknown]', 'Education', 'Arts & Science', '1959', '[unknown]', Null, 'Film','16mm', 'Positive', 'Color', 'Sound', 24, '1.37:1', '11:00', 'English'),
    ('30000157726815', 'Lane County Educational Service District', 'Moving Image', 'Reading Music', Null, '4', 'Reading Music: Learning About Notes', Null, Null, 2, 'Lessons on rhythm development while playing an instrument.', 'Milton O. Pella', '[unknown]', 'Education', 'Arts & Science', '1959', '[unknown]', Null, 'Film','16mm', 'Positive', 'Color', 'Sound', 24, '1.37:1', '11:00', 'English'),
    ('30000157791843', 'Lane County Educational Service District', 'Moving Image', 'Reptiles', Null, '1', 'Reptiles Are Interesting', Null, Null, Null, 'Study of reptile evolution.', '[unknown]', '[unknown]', 'Education', 'Science', '[unknown]', '[unknown]', Null, 'Film','16mm', 'Positive', 'Color', 'Sound', 24, '1.37:1', '11:00', 'English'),
    ('30000157791850', 'Lane County Educational Service District', 'Moving Image', 'Reptiles', Null, '2', 'Reptiles and Their Characteristics', Null, Null, Null, 'Anatomical study of the reptile.', '[unknown]', '[unknown]', 'Education', 'Science', '[unknown]', '[unknown]', Null, 'Film','16mm', 'Positive', 'Color', 'Sound', 24, '1.37:1', '11:00', 'English'),
    ('30000157791868', 'Lane County Educational Service District', 'Moving Image', 'Reproduction', Null, '2', 'Reproduction in Animals', Null, Null, Null, 'Reproductive study of different animal species.', '[unknown]', '[unknown]', 'Education', 'Science', '[unknown]', '[unknown]', Null, 'Film','16mm', 'Positive', 'Black and White', 'Sound', 24, '1.37:1', '11:00', 'English'),
    ('30000157791876', 'Lane County Educational Service District', 'Moving Image', 'Reproduction', Null, '4', 'Reproduction Among Mammals', Null, Null, Null, 'Reproductive study of different mammals.', '[unknown]', '[unknown]', 'Education', 'Science', '[unknown]', '[unknown]', Null, 'Film','16mm', 'Positive', 'Color', 'Sound', 24, '1.37:1', '11:00', 'English'),
    ('30000157726864', 'Lane County Educational Service District', 'Moving Image', Null, Null, '4', 'The Roman Wall', Null, Null, Null, 'Documentary on the construction and longevity of roman engineering.', '[unknown]', '[unknown]', 'Education', 'History', '[unknown]', 'Rome', Null, 'Film','16mm', 'Positive', 'Color', 'Black and White', 24, '1.37:1', '11:00', 'English')
    ;




    INSERT INTO BIB_IDENT
    (Bib_IU_Barcode, Per_ID, Bibident_IUCAT_Title_No, bibident_Date_Created, Bibident_MDPI_Barcode, Bibident_Current_Loc, Bibident_Alf_Shelf_Loc, Bibident_Orig_Ident, Bibident_Accom_Doc_ID, Bibident_Accom_Doc_Title, Bibident_Accom_Doc_Loc)
VALUES
    ('30000157726880', '2000032154', Null, '2017-08-10', Null, 'Freezer', 'ALF F L03-01', '3411', Null, Null, Null),
    ('30000157726898', '2000032154', Null, '2017-08-10', Null, 'Freezer', 'ALF F L03-01', '3708', Null, Null, Null),
    ('30000157791884', '2000032154', Null, '2017-08-10', Null, 'Freezer', 'ALF F L03-01', '3709', Null, Null, Null),
    ('30000157791892', '2000032154', Null, '2017-08-10', Null, 'Freezer', 'ALF F L03-01', '3505', Null, Null, Null),
    ('30000157791900', '2000032154', Null, '2017-08-10', Null, 'Freezer', 'ALF F L03-01', '3605', Null, Null, Null),
    ('30000157791918', '2000032154', Null, '2017-08-10', Null, 'Freezer', 'ALF F L03-01', '3701', Null, Null, Null),
    ('30000157726948', '2000032154', Null, '2017-08-10', Null, 'Freezer', 'ALF F L03-01', '3604', Null, Null, Null),
    ('30000157791926', '2000032154', Null, '2017-08-10', Null, 'Freezer', 'ALF F L03-01', '3802', Null, Null, Null),
    ('30000157791934', '2000032154', Null, '2017-08-10', Null, 'Freezer', 'ALF F L03-01', '3313', Null, Null, Null),
    ('30000157791942', '2000032154', Null, '2017-08-10', Null, 'Freezer', 'ALF F L03-01', '3801', Null, Null, Null),
    ('30000157726674', '2000023251', '14701710', '2014-01-04', Null, 'In Storage (Ingested)', 'ALF 24 L06-03', 'V506', '200-01', 'Study guide included', 'FileCabinet05'),
    ('30000157726682', '2000023251', '14701711', '2014-01-04', Null, 'In Storage (Ingested)', 'ALF 24 L06-03', 'V507', '200-05', 'Study guide included', 'FileCabinet05'),
    ('30000157726690', '2000023251', '14713629', '2014-01-04', Null, 'In Storage (Ingested)', 'ALF 24 L06-03', 'V508', Null, Null, Null),
    ('30000157791777', '2000023251', '7830226', '2014-01-04', Null, 'In Storage (Ingested)', 'ALF 24 L06-03', 'V508', Null, Null, Null),
    ('30000157791785', '2000023251', Null, '2014-01-04', Null, 'In Storage (Ingested)', 'ALF 24 L06-03', 'V221', Null, Null, Null),
    ('30000157726724', '2000023251', '14714539', '2014-01-04', Null, 'In Storage (Ingested)', 'ALF 24 L06-03', 'V509', Null, Null, Null),
    ('30000157791793', '2000023251', '14714548', '2014-01-04', Null, 'In Storage (Ingested)', 'ALF 24 L06-03', 'V510', '200-32', 'Item description', 'FileCabinet05'),
    ('30000157791801', '2000023251', '14714568', '2014-01-04', Null, 'In Storage (Ingested)', 'ALF 24 L06-03', 'V511', Null, Null, Null),
    ('30000157791819', '2000023251', '14714571', '2014-01-04', Null, 'In Storage (Ingested)', 'ALF 24 L06-03', 'V512', '200-33', 'Item description', 'FileCabinet05'),
    ('30000157791827', '2000023251', '7827283', '2014-01-04', Null, 'In Storage (Ingested)', 'ALF 24 L06-03', 'V350', Null, Null, Null),
    ('30000157791835', '2000023251', '7827317', '2014-01-04', Null, 'In Storage (Ingested)', 'ALF 24 L06-03', 'V351', '200-34', '2 pieces- Study guide and German narration', 'FileCabinet05'),
    ('30000157726781', '2000023251', '14714588', '2014-01-04', Null, 'In Storage (Ingested)', 'ALF 24 L06-03', 'V513', Null, Null, Null),
    ('30000157726799', '2000023251', '7818843', '2014-01-04', Null, 'In Storage (Ingested)', 'ALF 24 L06-03', 'V194', Null, Null, Null),
    ('30000157726807', '2000023251', '7832206', '2014-01-04', Null, 'In Storage (Ingested)', 'ALF 24 L06-03', 'V451', Null, Null, Null),
    ('30000157726815', '2000023251', '7832204', '2014-01-04', Null, 'In Storage (Ingested)', 'ALF 24 L06-03', 'V450', Null, Null, Null),
    ('30000157791843', '2000023251', Null, '2014-01-04', Null, 'In Storage (Ingested)', 'ALF 24 L06-03', 'V403', Null, Null, Null),
    ('30000157791850', '2000023251', '7829380', '2014-01-04', Null, 'In Storage (Ingested)', 'ALF 24 L06-03', 'V390', Null, Null, Null),
    ('30000157791868', '2000023251', '7825207', '2014-01-04', Null, 'In Storage (Ingested)', 'ALF 24 L06-03', 'V303', Null, Null, Null),
    ('30000157791876', '2000023251', '14714594', '2014-01-04', Null, 'In Storage (Ingested)', 'ALF 24 L06-03', 'V514', Null, Null, Null),
    ('30000157726864', '2000023251', '14736727', '2014-01-04', Null, 'In Storage (Ingested)', 'ALF 24 L06-03', 'V105', Null, Null, Null)
    ;




    INSERT INTO BIB_TECH
    (Bib_IU_Barcode, BibTech_Multi_Item_Can, BibTech_Pic_Type, BibTech_Snd_Form_Type, BibTech_Snd_Cont_Type, BibTech_Orig_Snd_Field, BibTech_Capt_Sub_Lang, BibTech_Capt_Sub_Note, BibTech_Base, BibTech_Stock, BibTech_Edgecode_Date, BibTech_Footage, BibTech_Can_Size)
VALUES
    ('30000157726880', Null, 'Silent', 'None', 'MOS', 'None', '[unknown]', '[unknown]', 'Acetate', 'Agfa', '1932', 300, 400),
    ('30000157726898', Null, 'Silent', 'None', 'MOS', 'None', '[unknown]', '[unknown]', 'Acetate', 'Agfa', '1932', 400, 400),
    ('30000157791884', Null, 'Silent', 'None', 'MOS', 'None', '[unknown]', '[unknown]', 'Acetate', 'Agfa', '1932', 400, 400),
    ('30000157791892', Null, 'Silent', 'None', 'MOS', 'None', '[unknown]', '[unknown]', 'Acetate', 'Agfa', '1932', 400, 400),
    ('30000157791900', Null, 'Silent', 'None', 'MOS', 'None', '[unknown]', '[unknown]', 'Acetate', 'Agfa', '1932', 200, 400),
    ('30000157791918', Null, 'Silent', 'None', 'MOS', 'None', '[unknown]', '[unknown]', 'Acetate', 'Agfa', '1932', 300, 400),
    ('30000157726948', Null, 'Silent', 'None', 'MOS', 'None', '[unknown]', '[unknown]', 'Acetate', 'Agfa', '1932', 400, 400),
    ('30000157791926', Null, 'Silent', 'None', 'MOS', 'None', '[unknown]', '[unknown]', 'Acetate', 'Agfa', '1932', 400, 400),
    ('30000157791934', Null, 'Silent', 'None', 'MOS', 'None', '[unknown]', '[unknown]', 'Acetate', 'Agfa', '1932', 150, 400),
    ('30000157791942', Null, 'Silent', 'None', 'MOS', 'None', '[unknown]', '[unknown]', 'Acetate', 'Agfa', '1932', 600, 800),
    ('30000157726674', Null, 'Talkie', 'Optical', 'SND', 'Variable Area', '[unknown]', '[unknown]', 'Polyester', 'Kodak', '1954', 400, 800),
    ('30000157726682', Null, 'Talkie', 'Optical', 'SND', 'Variable Area', '[unknown]', '[unknown]', 'Acetate', 'Kodak', '1954', 400, 800),
    ('30000157726690', Null, 'Talkie', 'Optical', 'SND', 'Variable Area', '[unknown]', '[unknown]', 'Polyester', 'Kodak', '1954', 400, 800),
    ('30000157791777', Null, 'Talkie', 'Optical', 'SND', 'Variable Area', '[unknown]', '[unknown]', 'Polyester', 'Kodak', '1970', 400, 800),
    ('30000157791785', Null, 'Talkie', 'Optical', 'SND', 'Variable Area', '[unknown]', '[unknown]', 'Polyester', 'Kodak', '1982', 400, 800),
    ('30000157726724', Null, 'Talkie', 'Optical', 'SND', 'Variable Area', '[unknown]', '[unknown]', 'Polyester', 'Kodak', '1953', 400, 800),
    ('30000157791793', Null, 'Talkie', 'Optical', 'SND', 'Variable Area', '[unknown]', '[unknown]', 'Polyester', 'Kodak', '1982', 400, 800),
    ('30000157791801', Null, 'Talkie', 'Optical', 'SND', 'Variable Area', '[unknown]', '[unknown]', 'Polyester', 'Kodak', '1970', 400, 800),
    ('30000157791819', Null, 'Talkie', 'Optical', 'SND', 'Variable Area', '[unknown]', '[unknown]', 'Polyester', 'Kodak', '1947', 400, 800),
    ('30000157791827', Null, 'Talkie', 'Optical', 'SND', 'Variable Area', '[unknown]', '[unknown]', 'Polyester', 'Kodak', '1948', 400, 800),
    ('30000157791835', Null, 'Talkie', 'Optical', 'SND', 'Variable Area', '[unknown]', '[unknown]', 'Polyester', 'Agfa', '1947', 400, 800),
    ('30000157726781', Null, 'Talkie', 'Optical', 'SND', 'Variable Area', '[unknown]', '[unknown]', 'Polyester', 'Kodak', '1941', 400, 800),
    ('30000157726799', Null, 'Talkie', 'Optical', 'SND', 'Variable Area', '[unknown]', '[unknown]', 'Polyester', 'Kodak', '1978', 400, 800),
    ('30000157726807', Null, 'Talkie', 'Optical', 'SND', 'Variable Area', '[unknown]', '[unknown]', 'Polyester', 'Kodak', '1976', 400, 800),
    ('30000157726815', Null, 'Talkie', 'Optical', 'SND', 'Variable Area', '[unknown]', '[unknown]', 'Polyester', 'Kodak', '1974', 400, 800),
    ('30000157791843', Null, 'Talkie', 'Optical', 'SND', 'Variable Area', '[unknown]', '[unknown]', 'Polyester', 'Kodak', '1983', 400, 800),
    ('30000157791850', Null, 'Talkie', 'Optical', 'SND', 'Variable Area', '[unknown]', '[unknown]', 'Polyester', 'Kodak', '1970', 400, 800),
    ('30000157791868', Null, 'Talkie', 'Optical', 'SND', 'Variable Area', '[unknown]', '[unknown]', 'Polyester', 'Kodak', '1970', 400, 800),
    ('30000157791876', Null, 'Talkie', 'Optical', 'SND', 'Variable Area', '[unknown]', '[unknown]', 'Polyester', 'Kodak', '1970', 400, 800),
    ('30000157726864', Null, 'Talkie', 'Optical', 'SND', 'Variable Area', '[unknown]', '[unknown]', 'Polyester', 'Kodak', '1947', 400, 800)
    ;



    INSERT INTO BIB_COND
    (Bib_IU_Barcode, BibCond_Format_Note, BibCond_AD, BibCond_Shrinkage, BibCond_Mold, BibCond_Cond_Type, BibCond_Misc_Cond_Type, BibCond_Miss_Foot, BibCond_Overall_Cond, BibCond_Overall_Cond_Note, BibCond_Research_Val, BibCond_Research_Val_Note, BibCond_Conserv_Act)
VALUES
    ('30000157726880', Null, 3, 2, 0, 2, 1, Null, 2, 'Warp-2', 1, 'Rare and unique', 'Digitize immediately.  Deteriorating Rapidly.'),
    ('30000157726898', Null, 3, 2, 0, 2, 1, Null, 2, 'Warp-1', 1, 'Rare and unique', 'Digitize immediately.  Deteriorating Rapidly.'),
    ('30000157791884', Null, 3, 2, 0, 2, 1, Null, 2, 'Warp-3', 1, 'Rare and unique', 'Digitize immediately.  Deteriorating Rapidly.'),
    ('30000157791892', Null, 3, 2, 0, 2, 1, Null, 2, 'Warp-1', 1, 'Rare and unique', 'Digitize immediately.  Deteriorating Rapidly.'),
    ('30000157791900', Null, 3, 2, 0, 2, 1, Null, 2, 'Warp-1', 1, 'Rare and unique', 'Digitize immediately.  Deteriorating Rapidly.'),
    ('30000157791918', Null, 3, 2, 0, 2, 1, Null, 2, 'Warp-2', 1, 'Rare and unique', 'Digitize immediately.  Deteriorating Rapidly.'),
    ('30000157726948', Null, 3, 2, 0, 2, 1, Null, 2, 'Warp-2', 1, 'Rare and unique', 'Digitize immediately.  Deteriorating Rapidly.'),
    ('30000157791926', Null, 3, 2, 0, 2, 1, Null, 2, 'Warp-1', 1, 'Rare and unique', 'Digitize immediately.  Deteriorating Rapidly.'),
    ('30000157791934', Null, 3, 2, 0, 2, 1, Null, 2, 'Warp-2', 1, 'Rare and unique', 'Digitize immediately.  Deteriorating Rapidly.'),
    ('30000157791942', Null, 3, 2, 0, 2, 1, Null, 2, 'Warp-3', 1, 'Rare and unique', 'Digitize immediately.  Deteriorating Rapidly.'),
    ('30000157726674', Null, 0, Null, 0, 1, 1, Null, 1, 'Fine on General Inspection', 3, Null, 'Digitize when time and budget allows.'),
    ('30000157726682', Null, 0, Null, 0, 1, 1, Null, 1, 'Fine on General Inspection', 3, Null, 'Digitize when time and budget allows.'),
    ('30000157726690', Null, 0, Null, 0, 1, 1, Null, 1, 'Fine on General Inspection', 3, Null, 'Digitize when time and budget allows.'),
    ('30000157791777', Null, 0, Null, 0, 1, 1, Null, 1, 'Fine on General Inspection', 3, Null, 'Digitize when time and budget allows.'),
    ('30000157791785', Null, 0, Null, 0, 1, 1, Null, 1, 'Fine on General Inspection', 3, Null, 'Digitize when time and budget allows.'),
    ('30000157726724', Null, 0, Null, 0, 1, 1, Null, 1, 'Fine on General Inspection', 3, Null, 'Digitize when time and budget allows.'),
    ('30000157791793', Null, 0, Null, 0, 0, 0, Null, 1, 'Fine on General Inspection', 3, Null, 'Digitize when time and budget allows.'),
    ('30000157791801', Null, 0, Null, 0, 0, 0, Null, 1, 'Fine on General Inspection', 3, Null, 'Digitize when time and budget allows.'),
    ('30000157791819', Null, 1, Null, 0, 0, 0, Null, 0, 'Fine on General Inspection', 3, Null, 'Digitize when time and budget allows.'),
    ('30000157791827', Null, 1, Null, 0, 0, 0, Null, 0, 'Loose wind', 3, Null, 'Digitize when time and budget allows.'),
    ('30000157791835', Null, 0, Null, 0, 0, 0, Null, 0, 'Fine on General Inspection', 3, Null, 'Digitize when time and budget allows.'),
    ('30000157726781', Null, 0, Null, 0, 0, 0, Null, 0, 'Fine on General Inspection', 3, Null, 'Digitize when time and budget allows.'),
    ('30000157726799', Null, 0, Null, 0, 0, 0, Null, 0, 'Fine on General Inspection', 3, Null, 'Digitize when time and budget allows.'),
    ('30000157726807', Null, 0, Null, 0, 1, 1, Null, 0, 'Fine on General Inspection', 3, Null, 'Digitize when time and budget allows.'),
    ('30000157726815', Null, 1, Null, 0, 0, 0, Null, 0, 'Fine on General Inspection', 3, Null, 'Digitize when time and budget allows.'),
    ('30000157791843', Null, 1, Null, 0, 0, 0, Null, 1, 'Fine on General Inspection', 3, Null, 'Digitize when time and budget allows.'),
    ('30000157791850', Null, 1, Null, 0, 0, 0, Null, 0, 'Fine on General Inspection', 3, Null, 'Digitize when time and budget allows.'),
    ('30000157791868', Null, 1, Null, 0, 0, 0, Null, 0, 'Fine on General Inspection', 3, Null, 'Digitize when time and budget allows.'),
    ('30000157791876', Null, 1, Null, 0, 0, 0, Null, 0, 'Fine on General Inspection', 3, Null, 'Digitize when time and budget allows.'),
    ('30000157726864', Null, 0, Null, 0, 0, 0, Null, 0, 'Fine on General Inspection', 3, Null, 'Digitize when time and budget allows.')
    ;

    INSERT INTO LOAN 
     (Per_ID, Bib_IU_Barcode, Loan_Date, Loan_Return_Date, Loan_Returned_Date, Loan_Ext_Date, Loan_Purpose, Loan_Screen_Loc)
VALUES
    ('2000024716', '30000157703103', '2016-09-04', '2016-09-18', '2016-09-05', Null, 'Screening for media studies', 'IULMIA Screening Room'),
    ('2000065238', '30000157703103', '2017-02-06', '2017-04-20', '2017-04-08', Null, 'Screening at Cinematique, Orphan Films', 'Cinematique: Paris, France'),
    ('2000084571', '30000157703103', '2017-10-20', '2017-11-03', '2017-11-02', Null, 'Screening for IU Cinema, General Public', 'IU Cinema')
    ;

